number of cities,held karp time ms,local search time ms,held karp path length,local search path length
1,0.2784650000000042,0.3626429999999985,0,0
2,0.03213000000000932,0.2805050000000051,9,9
4,0.6567349999999976,0.37721899999999664,29,29
8,1.2680450000000008,1.341760999999991,29,73
16,6.445333000000005,0.6253899999999959,126,213
32,38.329677000000004,1.245069000000015,129,453
64,112.56007799999998,2.4382170000000087,173,865
128,862.534165,6.562069999999949,236,2029
256,6251.454064,62.80411399999957,364,3614